INSERT INTO ORGANIZATION (ORG_ID, NAME, DESCRIPTION) VALUES (1, 'Oxford IT School', 'The best school in London for learning programming languages');
INSERT INTO ORGANIZATION (ORG_ID, NAME, DESCRIPTION) VALUES (2, 'French Academy', 'Learn French in Washington DC with us');
INSERT INTO ORGANIZATION (ORG_ID, NAME, DESCRIPTION) VALUES (3, 'Mega Academy', 'Real developers will teach you Java');


INSERT INTO COURSE (COURSE_ID, ORGANIZATION_ID, AUTHOR, TITLE, DESCRIPTION, VIEWS_NUMBER) VALUES (50 , 1, 'John Smith', 'Learning Spring', 'Learn main Spring topics', 1000);
INSERT INTO COURSE (COURSE_ID, ORGANIZATION_ID, AUTHOR, TITLE, DESCRIPTION, VIEWS_NUMBER) VALUES (51 , 1, 'Eric Cartman', 'JDBC Training', 'JDBC training', 1500);
INSERT INTO COURSE (COURSE_ID, ORGANIZATION_ID, AUTHOR, TITLE, DESCRIPTION, VIEWS_NUMBER) VALUES (52, 2, 'Ivan Ivanov', 'Microservices Essential Training ', 'How to split monolith into Microservices', 2000);

INSERT INTO EXAM (EXAM_ID, COURSE_ID,  TITLE, KNOWLEGDE_LEVEL, APPROXIMATE_DURATION_MINS) VALUES (122 , 50,  'Spring Boot Examination', 'ADVANCED' , 60);
INSERT INTO EXAM (EXAM_ID, COURSE_ID,  TITLE, KNOWLEGDE_LEVEL, APPROXIMATE_DURATION_MINS) VALUES (123 , 50,  'Spring MVC Examination', 'INTERMEDIATE' , 30);
INSERT INTO EXAM (EXAM_ID, COURSE_ID,  TITLE, KNOWLEGDE_LEVEL, APPROXIMATE_DURATION_MINS) VALUES (124 , 50,  'Spring Data Examination', 'ELEMENTARY' , 45);
INSERT INTO EXAM (EXAM_ID, COURSE_ID,  TITLE, KNOWLEGDE_LEVEL, APPROXIMATE_DURATION_MINS) VALUES (125 , 50,  'Spring JDBC Examination', 'ELEMENTARY' , 120);
INSERT INTO EXAM (EXAM_ID, COURSE_ID,  TITLE, KNOWLEGDE_LEVEL, APPROXIMATE_DURATION_MINS) VALUES (126 , 50,  'Spring JMS Examination', 'INTERMEDIATE' , 30);

INSERT INTO EXAM (EXAM_ID, COURSE_ID,  TITLE, KNOWLEGDE_LEVEL, APPROXIMATE_DURATION_MINS) VALUES (127 , 51,  'Statement Exam', 'INTERMEDIATE' , 30);
INSERT INTO EXAM (EXAM_ID, COURSE_ID,  TITLE, KNOWLEGDE_LEVEL, APPROXIMATE_DURATION_MINS) VALUES (128 , 51,  'Prepared Statement Exam', 'INTERMEDIATE' , 30);
INSERT INTO EXAM (EXAM_ID, COURSE_ID,  TITLE, KNOWLEGDE_LEVEL, APPROXIMATE_DURATION_MINS) VALUES (129 , 51,  'Callable statement Exam', 'INTERMEDIATE' , 30);
INSERT INTO EXAM (EXAM_ID, COURSE_ID,  TITLE, KNOWLEGDE_LEVEL, APPROXIMATE_DURATION_MINS) VALUES (130 , 51,  'JDBC batch  Exam', 'INTERMEDIATE' , 30);



